[
  {
    "id": "p_glyphosate",
    "type": "pesticide",
    "commonName": "Glyphosate",
    "technicalName": "N-(phosphonomethyl)glycine",
    "dose": "Follow label; typical 1-2 L/ha",
    "uses": "Non-selective herbicide",
    "precautions": "Avoid drift; PPE",
    "notes": "Check local label."
  },
  {
    "id": "f_urea",
    "type": "fertilizer",
    "commonName": "Urea",
    "technicalName": "CO(NH2)2",
    "dose": "50-150 kg N/ha",
    "uses": "Nitrogen fertilizer",
    "precautions": "Store dry",
    "notes": "Split application improves efficiency."
  },
  {
    "id": "p_chlorpyrifos",
    "type": "pesticide",
    "commonName": "Chlorpyrifos",
    "technicalName": "O,O-diethyl O-(3,5,6-trichloro-2-pyridyl) phosphorothioate",
    "dose": "Follow label",
    "uses": "Insecticide for soil and foliar pests",
    "precautions": "Restricted in some countries",
    "notes": "Use only if permitted."
  }
]